ID,target
0,person_1270
1,person_442
2,person_84
3,person_1478
4,person_1948
5,person_2239
6,person_1136
7,person_530
8,person_1008
9,person_0
10,person_2328
11,person_2787
12,person_2182
13,person_1155
14,person_1700
15,person_2536
16,person_947
17,person_2030
18,person_2743
19,person_2880
20,person_710
21,person_570
22,person_122
23,person_2360
24,person_2155
25,person_393
26,person_1539
27,person_598
28,person_1178
29,person_1535
30,person_2052
31,person_2648
32,person_1597
33,person_1243
34,person_1029
35,person_642
36,person_491
37,person_1923
38,person_879
39,person_1798
40,person_346
41,person_1498
42,person_916
43,person_1346
44,person_2055
45,person_865
46,person_1892
47,person_1006
48,person_2265
49,person_848
50,person_894
51,person_2199
52,person_1132
53,person_181
54,person_1240
55,person_2602
56,person_1937
57,person_2004
58,person_2000
59,person_1433
60,person_1450
61,person_1755
62,person_914
63,person_2890
64,person_2852
65,person_1732
66,person_377
67,person_1680
68,person_1427
69,person_1371
70,person_2075
71,person_1407
72,person_9
73,person_468
74,person_234
75,person_1460
76,person_595
77,person_958
78,person_890
79,person_2934
80,person_2331
81,person_1613
82,person_1673
83,person_2778
84,person_503
85,person_1622
86,person_278
87,person_1080
88,person_1949
89,person_2850
90,person_1945
91,person_825
92,person_2522
93,person_2377
94,person_970
95,person_2086
96,person_2707
97,person_1094
98,person_988
99,person_847
100,person_338
101,person_1207
102,person_663
103,person_1844
104,person_724
105,person_685
106,person_2026
107,person_1349
108,person_276
109,person_1591
110,person_1250
111,person_2044
112,person_2595
113,person_1142
114,person_450
115,person_2472
116,person_2900
117,person_2202
118,person_1187
119,person_2590
120,person_2450
121,person_1405
122,person_709
123,person_1203
124,person_524
125,person_1537
126,person_1599
127,person_940
128,person_1585
129,person_1100
130,person_31
131,person_2212
132,person_92
133,person_2519
134,person_1883
135,person_1853
136,person_2899
137,person_1296
138,person_305
139,person_2477
140,person_2541
141,person_186
142,person_2537
143,person_1915
144,person_643
145,person_385
146,person_2574
147,person_2663
148,person_1977
149,person_845
150,person_2084
151,person_1475
152,person_14
153,person_490
154,person_98
155,person_199
156,person_2413
157,person_522
158,person_886
159,person_1285
160,person_1773
161,person_2822
162,person_1565
163,person_1877
164,person_2633
165,person_2258
166,person_223
167,person_1034
168,person_2696
169,person_2309
170,person_2629
171,person_2862
172,person_2489
173,person_1334
174,person_535
175,person_608
176,person_1077
177,person_2311
178,person_1793
179,person_725
180,person_694
181,person_1216
182,person_2504
183,person_1171
184,person_2632
185,person_2814
186,person_568
187,person_1658
188,person_2712
189,person_1916
190,person_268
191,person_109
192,person_1025
193,person_138
194,person_2732
195,person_227
196,person_811
197,person_1834
198,person_2040
199,person_1812
200,person_972
201,person_1815
202,person_2523
203,person_1808
204,person_130
205,person_2437
206,person_1056
207,person_828
208,person_2418
209,person_2508
210,person_2962
211,person_2341
212,person_2401
213,person_1929
214,person_2849
215,person_321
216,person_907
217,person_1335
218,person_1803
219,person_1481
220,person_1733
221,person_2917
222,person_2836
223,person_2063
224,person_2668
225,person_504
226,person_1558
227,person_587
228,person_2839
229,person_416
230,person_1036
231,person_1234
232,person_2614
233,person_33
234,person_1743
235,person_2887
236,person_2513
237,person_1723
238,person_716
239,person_274
240,person_704
241,person_204
242,person_1906
243,person_1737
244,person_123
245,person_1463
246,person_1538
247,person_698
248,person_1601
249,person_2119
250,person_132
251,person_2090
252,person_2468
253,person_3016
254,person_1283
255,person_1605
256,person_1629
257,person_1193
258,person_2322
259,person_1846
260,person_104
261,person_1783
262,person_2237
263,person_1015
264,person_1707
265,person_926
266,person_1220
267,person_1116
268,person_1328
269,person_902
270,person_421
271,person_443
272,person_1452
273,person_2318
274,person_950
275,person_821
276,person_2547
277,person_2481
278,person_1797
279,person_1093
280,person_956
281,person_2517
282,person_974
283,person_2442
284,person_1851
285,person_291
286,person_582
287,person_2567
288,person_1260
289,person_2143
290,person_2261
291,person_246
292,person_2240
293,person_320
294,person_1210
295,person_1784
296,person_2129
297,person_126
298,person_3017
299,person_639
300,person_1515
301,person_2675
302,person_1468
303,person_2598
304,person_960
305,person_678
306,person_1981
307,person_923
308,person_1321
309,person_638
310,person_1912
311,person_2576
312,person_189
313,person_2928
314,person_2946
315,person_732
316,person_245
317,person_1340
318,person_2104
319,person_651
320,person_3003
321,person_2246
322,person_2689
323,person_1253
324,person_325
325,person_2581
326,person_2232
327,person_934
328,person_1127
329,person_2998
330,person_2298
331,person_1249
332,person_260
333,person_2915
334,person_216
335,person_1907
336,person_1730
337,person_603
338,person_1109
339,person_2307
340,person_32
341,person_2094
342,person_381
343,person_489
344,person_1198
345,person_1327
346,person_601
347,person_991
348,person_903
349,person_859
350,person_1404
351,person_1024
352,person_124
353,person_1888
354,person_466
355,person_2980
356,person_1098
357,person_2730
358,person_1546
359,person_650
360,person_2561
361,person_2244
362,person_2616
363,person_1274
364,person_1861
365,person_462
366,person_1010
367,person_304
368,person_2158
369,person_2544
370,person_1469
371,person_1978
372,person_2372
373,person_740
374,person_655
375,person_212
376,person_1373
377,person_1165
378,person_62
379,person_496
380,person_1259
381,person_2949
382,person_668
383,person_1740
384,person_727
385,person_1677
386,person_596
387,person_261
388,person_816
389,person_2123
390,person_2227
391,person_358
392,person_316
393,person_1332
394,person_1668
395,person_1950
396,person_1434
397,person_542
398,person_1620
399,person_660
400,person_70
401,person_285
402,person_2958
403,person_2190
404,person_701
405,person_1108
406,person_184
407,person_2273
408,person_515
409,person_1138
410,person_1179
411,person_1623
412,person_1896
413,person_1829
414,person_1237
415,person_2426
416,person_1337
417,person_313
418,person_1506
419,person_356
420,person_1465
421,person_282
422,person_1101
423,person_611
424,person_427
425,person_2396
426,person_870
427,person_2463
428,person_1161
429,person_2563
430,person_1874
431,person_366
432,person_465
433,person_2438
434,person_1699
435,person_1172
436,person_772
437,person_1726
438,person_2073
439,person_2415
440,person_2729
441,person_1886
442,person_398
443,person_1632
444,person_1761
445,person_2091
446,person_1017
447,person_1534
448,person_2502
449,person_481
450,person_2994
451,person_1430
452,person_835
453,person_23
454,person_1030
455,person_1843
456,person_2170
457,person_2081
458,person_1189
459,person_417
460,person_2911
461,person_171
462,person_1441
463,person_2812
464,person_965
465,person_730
466,person_1276
467,person_1449
468,person_2713
469,person_48
470,person_2840
471,person_1457
472,person_2234
473,person_47
474,person_1525
475,person_2189
476,person_517
477,person_2945
478,person_205
479,person_2263
480,person_2498
481,person_380
482,person_222
483,person_1439
484,person_2510
485,person_2427
486,person_2908
487,person_851
488,person_1672
489,person_2208
490,person_1561
491,person_2326
492,person_1398
493,person_948
494,person_327
495,person_1485
496,person_1261
497,person_1299
498,person_1223
499,person_2299
500,person_1696
501,person_2036
502,person_801
503,person_1311
504,person_2526
505,person_1489
506,person_1563
507,person_1213
508,person_1551
509,person_666
510,person_1201
511,person_1473
512,person_391
513,person_2068
514,person_792
515,person_1014
516,person_1665
517,person_546
518,person_2562
519,person_2886
520,person_2452
521,person_1031
522,person_1919
523,person_1904
524,person_1695
525,person_1738
526,person_1057
527,person_1684
528,person_2392
529,person_2893
530,person_684
531,person_849
532,person_2735
533,person_826
534,person_2161
535,person_2259
536,person_619
537,person_2187
538,person_1938
539,person_2357
540,person_2179
541,person_1066
542,person_1060
543,person_2630
544,person_457
545,person_1314
546,person_2292
547,person_884
548,person_501
549,person_1442
550,person_1156
551,person_2885
552,person_581
553,person_768
554,person_2841
555,person_2277
556,person_1608
557,person_1368
558,person_2272
559,person_1410
560,person_2284
561,person_2734
562,person_2853
563,person_95
564,person_1044
565,person_779
566,person_1487
567,person_873
568,person_1745
569,person_458
570,person_747
571,person_1317
572,person_2162
573,person_284
574,person_1704
575,person_1196
576,person_631
577,person_2382
578,person_317
579,person_2290
580,person_1864
581,person_2470
582,person_1734
583,person_2370
584,person_2637
585,person_2048
586,person_328
587,person_1209
588,person_348
589,person_45
590,person_2748
591,person_615
592,person_2872
593,person_1365
594,person_129
595,person_1081
596,person_1814
597,person_1226
598,person_1495
599,person_2480
600,person_2638
601,person_148
602,person_2200
603,person_1961
604,person_2087
605,person_6
606,person_1339
607,person_1050
608,person_2340
609,person_1769
610,person_780
611,person_2153
612,person_3014
613,person_1748
614,person_467
615,person_2929
616,person_2344
617,person_1735
618,person_1219
619,person_1811
620,person_2557
621,person_1390
622,person_1183
623,person_505
624,person_1640
625,person_1987
626,person_2294
627,person_2327
628,person_2667
629,person_2828
630,person_361
631,person_627
632,person_812
633,person_2922
634,person_1651
635,person_1533
636,person_1924
637,person_2578
638,person_486
639,person_1420
640,person_952
641,person_2626
642,person_2268
643,person_1979
644,person_2342
645,person_1202
646,person_2973
647,person_531
648,person_606
649,person_2755
650,person_2553
651,person_1820
652,person_1747
653,person_2037
654,person_20
655,person_36
656,person_2198
657,person_1985
658,person_590
659,person_1320
660,person_2674
661,person_2226
662,person_2910
663,person_240
664,person_1307
665,person_1671
666,person_2873
667,person_871
668,person_2424
669,person_173
670,person_1131
671,person_797
672,person_1971
673,person_1560
674,person_1991
675,person_2953
676,person_930
677,person_169
678,person_966
679,person_410
680,person_1996
681,person_1852
682,person_2617
683,person_557
684,person_69
685,person_2583
686,person_1126
687,person_1184
688,person_2066
689,person_71
690,person_1045
691,person_2134
692,person_2643
693,person_928
694,person_1263
695,person_2266
696,person_625
697,person_2939
698,person_1702
699,person_1973
700,person_767
701,person_363
702,person_3013
703,person_89
704,person_1096
705,person_658
706,person_2817
707,person_877
708,person_1488
709,person_712
710,person_271
711,person_4
712,person_178
713,person_989
714,person_946
715,person_2410
716,person_1712
717,person_1
718,person_2807
719,person_1854
720,person_569
721,person_2379
722,person_210
723,person_1972
724,person_2128
725,person_74
726,person_2681
727,person_987
728,person_1004
729,person_200
730,person_864
731,person_519
732,person_2989
733,person_1503
734,person_2758
735,person_653
736,person_791
737,person_2672
738,person_2137
739,person_1960
740,person_269
741,person_470
742,person_2792
743,person_2531
744,person_1085
745,person_1091
746,person_2988
747,person_1141
748,person_529
749,person_1119
750,person_878
751,person_1541
752,person_1352
753,person_1678
754,person_876
755,person_2383
756,person_449
757,person_2264
758,person_2673
759,person_2679
760,person_1824
761,person_2724
762,person_2233
763,person_2082
764,person_2728
765,person_231
766,person_860
767,person_2225
768,person_2659
769,person_1168
770,person_2527
771,person_1827
772,person_136
773,person_2795
774,person_2136
775,person_1431
776,person_2687
777,person_263
778,person_430
779,person_818
780,person_2867
781,person_191
782,person_1438
783,person_1510
784,person_613
785,person_2931
786,person_2858
787,person_2843
788,person_2882
789,person_937
790,person_1333
791,person_1394
792,person_401
793,person_1876
794,person_1124
795,person_1582
796,person_2025
797,person_88
798,person_841
799,person_2465
800,person_1898
801,person_1736
802,person_764
803,person_1122
804,person_96
805,person_1467
806,person_1792
807,person_2868
808,person_477
809,person_1653
810,person_2846
811,person_1728
812,person_2405
813,person_2747
814,person_2256
815,person_2141
816,person_168
817,person_2796
818,person_794
819,person_722
820,person_44
821,person_1272
822,person_1186
823,person_1628
824,person_127
825,person_498
826,person_318
827,person_170
828,person_1544
829,person_2716
830,person_1402
831,person_1039
832,person_208
833,person_2768
834,person_734
835,person_2484
836,person_2391
837,person_1166
838,person_573
839,person_2269
840,person_2813
841,person_2295
842,person_1789
843,person_2133
844,person_110
845,person_806
846,person_1918
847,person_1309
848,person_1842
849,person_675
850,person_2959
851,person_1954
852,person_1663
853,person_1966
854,person_670
855,person_1493
856,person_2156
857,person_2449
858,person_347
859,person_2987
860,person_1446
861,person_677
862,person_495
863,person_1143
864,person_664
865,person_133
866,person_2229
867,person_1621
868,person_2793
869,person_2954
870,person_2221
871,person_1788
872,person_1245
873,person_723
874,person_1562
875,person_2825
876,person_2550
877,person_1305
878,person_773
879,person_2878
880,person_1571
881,person_1774
882,person_1496
883,person_645
884,person_1772
885,person_2830
886,person_2678
887,person_2493
888,person_1976
889,person_251
890,person_1610
891,person_2790
892,person_1130
893,person_1721
894,person_3009
895,person_1501
896,person_1934
897,person_726
898,person_2076
899,person_147
900,person_456
901,person_226
902,person_2291
903,person_2819
904,person_2061
905,person_2921
906,person_778
907,person_2965
908,person_669
909,person_2676
910,person_1856
911,person_2705
912,person_1206
913,person_1615
914,person_1521
915,person_420
916,person_2936
917,person_2257
918,person_331
919,person_1602
920,person_1356
921,person_1255
922,person_2691
923,person_743
924,person_1254
925,person_2125
926,person_2349
927,person_1180
928,person_805
929,person_1754
930,person_2436
931,person_2425
932,person_1895
933,person_600
934,person_683
935,person_1633
936,person_1706
937,person_2197
938,person_1074
939,person_1940
940,person_539
941,person_2741
942,person_1424
943,person_1911
944,person_1603
945,person_454
946,person_1380
947,person_2848
948,person_2727
949,person_1791
950,person_648
951,person_1406
952,person_436
953,person_2130
954,person_905
955,person_372
956,person_176
957,person_1531
958,person_2572
959,person_364
960,person_2930
961,person_1192
962,person_1016
963,person_1835
964,person_2103
965,person_2021
966,person_1786
967,person_1553
968,person_150
969,person_1618
970,person_2589
971,person_1338
972,person_1422
973,person_1893
974,person_1667
975,person_288
976,person_2860
977,person_2337
978,person_91
979,person_1884
980,person_2005
981,person_536
982,person_2829
983,person_1205
984,person_2820
985,person_591
986,person_1956
987,person_895
988,person_936
989,person_1660
990,person_964
991,person_1566
992,person_2144
993,person_1064
994,person_2744
995,person_354
996,person_2151
997,person_2160
998,person_3000
999,person_1157
1000,person_1369
1001,person_2599
1002,person_2551
1003,person_1540
1004,person_579
1005,person_2905
1006,person_1284
1007,person_1068
1008,person_809
1009,person_1920
1010,person_1650
1011,person_2555
1012,person_935
1013,person_1879
1014,person_951
1015,person_2209
1016,person_2738
1017,person_1951
1018,person_351
1019,person_250
1020,person_807
1021,person_241
1022,person_2975
1023,person_2753
1024,person_405
1025,person_289
1026,person_2042
1027,person_166
1028,person_2815
1029,person_1821
1030,person_1641
1031,person_1000
1032,person_2236
1033,person_1913
1034,person_1935
1035,person_1244
1036,person_1598
1037,person_2791
1038,person_1609
1039,person_1908
1040,person_932
1041,person_1022
1042,person_2106
1043,person_1336
1044,person_1588
1045,person_1630
1046,person_232
1047,person_2333
1048,person_2898
1049,person_2776
1050,person_1229
1051,person_1894
1052,person_558
1053,person_2993
1054,person_2432
1055,person_1061
1056,person_2067
1057,person_121
1058,person_2211
1059,person_2014
1060,person_1089
1061,person_1027
1062,person_2135
1063,person_2168
1064,person_2038
1065,person_1067
1066,person_1744
1067,person_2069
1068,person_1826
1069,person_1870
1070,person_1586
1071,person_2433
1072,person_400
1073,person_3002
1074,person_2191
1075,person_2912
1076,person_846
1077,person_1417
1078,person_1113
1079,person_2685
1080,person_2203
1081,person_2978
1082,person_2863
1083,person_2275
1084,person_107
1085,person_1676
1086,person_41
1087,person_1464
1088,person_1199
1089,person_2603
1090,person_499
1091,person_1372
1092,person_719
1093,person_1384
1094,person_2324
1095,person_2904
1096,person_1400
1097,person_1310
1098,person_1513
1099,person_2671
1100,person_1600
1101,person_3011
1102,person_2990
1103,person_451
1104,person_10
1105,person_323
1106,person_217
1107,person_286
1108,person_2113
1109,person_474
1110,person_1749
1111,person_2608
1112,person_1604
1113,person_151
1114,person_1163
1115,person_2056
1116,person_2714
1117,person_2224
1118,person_634
1119,person_438
1120,person_2051
1121,person_339
1122,person_1028
1123,person_2313
1124,person_2178
1125,person_239
1126,person_2476
1127,person_525
1128,person_2016
1129,person_165
1130,person_342
1131,person_2670
1132,person_73
1133,person_1785
1134,person_1764
1135,person_881
1136,person_1999
1137,person_1151
1138,person_1009
1139,person_715
1140,person_868
1141,person_1319
1142,person_2619
1143,person_1381
1144,person_248
1145,person_1191
1146,person_1775
1147,person_3012
1148,person_2033
1149,person_2057
1150,person_2321
1151,person_909
1152,person_1762
1153,person_2584
1154,person_1083
1155,person_1090
1156,person_1231
1157,person_735
1158,person_2704
1159,person_1152
1160,person_237
1161,person_2903
1162,person_1932
1163,person_1717
1164,person_2116
1165,person_355
1166,person_2213
1167,person_2777
1168,person_1479
1169,person_2306
1170,person_2700
1171,person_2124
1172,person_303
1173,person_2761
1174,person_2362
1175,person_623
1176,person_1114
1177,person_1443
1178,person_1343
1179,person_479
1180,person_2176
1181,person_2832
1182,person_1849
1183,person_933
1184,person_2017
1185,person_298
1186,person_2720
1187,person_2800
1188,person_783
1189,person_1295
1190,person_3004
1191,person_1040
1192,person_866
1193,person_1120
1194,person_90
1195,person_120
1196,person_2774
1197,person_1037
1198,person_2655
1199,person_2875
1200,person_404
1201,person_429
1202,person_2288
1203,person_2835
1204,person_2894
1205,person_990
1206,person_337
1207,person_1777
1208,person_2397
1209,person_134
1210,person_2972
1211,person_418
1212,person_1280
1213,person_2726
1214,person_2597
1215,person_2996
1216,person_1052
1217,person_1177
1218,person_409
1219,person_2496
1220,person_2045
1221,person_196
1222,person_1418
1223,person_2148
1224,person_215
1225,person_1759
1226,person_408
1227,person_2653
1228,person_1035
1229,person_1265
1230,person_146
1231,person_2723
1232,person_2276
1233,person_790
1234,person_2534
1235,person_1780
1236,person_577
1237,person_2457
1238,person_2431
1239,person_2669
1240,person_2278
1241,person_2560
1242,person_17
1243,person_2110
1244,person_1355
1245,person_382
1246,person_1292
1247,person_1208
1248,person_26
1249,person_37
1250,person_1796
1251,person_2870
1252,person_1357
1253,person_15
1254,person_46
1255,person_904
1256,person_1693
1257,person_925
1258,person_1816
1259,person_2046
1260,person_1841
1261,person_1252
1262,person_1386
1263,person_11
1264,person_872
1265,person_2250
1266,person_1318
1267,person_2569
1268,person_2654
1269,person_537
1270,person_1181
1271,person_412
1272,person_1581
1273,person_406
1274,person_2300
1275,person_2466
1276,person_1146
1277,person_1182
1278,person_1943
1279,person_2554
1280,person_644
1281,person_607
1282,person_1315
1283,person_1674
1284,person_2297
1285,person_2238
1286,person_1088
1287,person_265
1288,person_1362
1289,person_3015
1290,person_787
1291,person_343
1292,person_1233
1293,person_2419
1294,person_1859
1295,person_1282
1296,person_2404
1297,person_2368
1298,person_733
1299,person_707
1300,person_2618
1301,person_2520
1302,person_414
1303,person_292
1304,person_115
1305,person_1974
1306,person_1360
1307,person_437
1308,person_1766
1309,person_739
1310,person_1054
1311,person_2907
1312,person_1084
1313,person_671
1314,person_82
1315,person_2201
1316,person_793
1317,person_2241
1318,person_896
1319,person_2739
1320,person_2149
1321,person_1710
1322,person_2600
1323,person_986
1324,person_819
1325,person_2302
1326,person_1548
1327,person_584
1328,person_460
1329,person_929
1330,person_2710
1331,person_1290
1332,person_1868
1333,person_1925
1334,person_68
1335,person_1242
1336,person_1958
1337,person_2645
1338,person_2731
1339,person_2968
1340,person_172
1341,person_2573
1342,person_64
1343,person_2640
1344,person_419
1345,person_850
1346,person_428
1347,person_1804
1348,person_1264
1349,person_861
1350,person_2649
1351,person_2701
1352,person_471
1353,person_2635
1354,person_218
1355,person_993
1356,person_840
1357,person_2071
1358,person_2412
1359,person_2020
1360,person_2386
1361,person_2709
1362,person_2874
1363,person_2172
1364,person_1419
1365,person_447
1366,person_2101
1367,person_2877
1368,person_1683
1369,person_736
1370,person_1502
1371,person_1287
1372,person_763
1373,person_1790
1374,person_2914
1375,person_1921
1376,person_433
1377,person_369
1378,person_1342
1379,person_1302
1380,person_375
1381,person_2593
1382,person_2745
1383,person_679
1384,person_2406
1385,person_2074
1386,person_1715
1387,person_497
1388,person_2353
1389,person_2611
1390,person_2230
1391,person_703
1392,person_2398
1393,person_2612
1394,person_52
1395,person_729
1396,person_628
1397,person_301
1398,person_1930
1399,person_1578
1400,person_1222
1401,person_2121
1402,person_2108
1403,person_813
1404,person_1801
1405,person_334
1406,person_618
1407,person_2722
1408,person_1648
1409,person_1825
1410,person_2783
1411,person_1377
1412,person_1111
1413,person_1889
1414,person_2702
1415,person_2421
1416,person_2122
1417,person_2402
1418,person_1787
1419,person_302
1420,person_586
1421,person_230
1422,person_1375
1423,person_229
1424,person_540
1425,person_266
1426,person_959
1427,person_2514
1428,person_1026
1429,person_2041
1430,person_102
1431,person_1043
1432,person_2006
1433,person_281
1434,person_1399
1435,person_1041
1436,person_2501
1437,person_2733
1438,person_1832
1439,person_315
1440,person_2115
1441,person_1771
1442,person_799
1443,person_2690
1444,person_2913
1445,person_125
1446,person_2474
1447,person_528
1448,person_2447
1449,person_1869
1450,person_1509
1451,person_1795
1452,person_55
1453,person_614
1454,person_2173
1455,person_488
1456,person_2661
1457,person_2118
1458,person_1361
1459,person_182
1460,person_2361
1461,person_2483
1462,person_2009
1463,person_1975
1464,person_179
1465,person_434
1466,person_2642
1467,person_2080
1468,person_167
1469,person_1382
1470,person_1847
1471,person_633
1472,person_493
1473,person_2347
1474,person_403
1475,person_1379
1476,person_242
1477,person_2646
1478,person_2925
1479,person_1087
1480,person_76
1481,person_2688
1482,person_1289
1483,person_1480
1484,person_2809
1485,person_2512
1486,person_1679
1487,person_1190
1488,person_2824
1489,person_2565
1490,person_551
1491,person_2031
1492,person_2794
1493,person_1617
1494,person_593
1495,person_235
1496,person_53
1497,person_1018
1498,person_2008
1499,person_3001
1500,person_836
1501,person_2013
1502,person_2098
1503,person_2384
1504,person_855
1505,person_350
1506,person_2381
1507,person_1281
1508,person_1482
1509,person_83
1510,person_111
1511,person_1225
1512,person_1451
1513,person_2089
1514,person_744
1515,person_2784
1516,person_117
1517,person_72
1518,person_2453
1519,person_2810
1520,person_1214
1521,person_1964
1522,person_188
1523,person_1458
1524,person_1012
1525,person_2558
1526,person_1946
1527,person_63
1528,person_782
1529,person_1505
1530,person_2029
1531,person_924
1532,person_472
1533,person_78
1534,person_455
1535,person_2140
1536,person_1687
1537,person_1504
1538,person_2374
1539,person_423
1540,person_247
1541,person_2388
1542,person_2837
1543,person_1376
1544,person_2624
1545,person_2698
1546,person_2380
1547,person_1432
1548,person_2897
1549,person_2821
1550,person_1634
1551,person_2439
1552,person_108
1553,person_61
1554,person_1105
1555,person_1823
1556,person_750
1557,person_264
1558,person_2059
1559,person_1691
1560,person_1639
1561,person_583
1562,person_1542
1563,person_21
1564,person_2228
1565,person_2765
1566,person_432
1567,person_1645
1568,person_2847
1569,person_143
1570,person_2718
1571,person_690
1572,person_296
1573,person_1456
1574,person_629
1575,person_8
1576,person_2435
1577,person_2964
1578,person_2834
1579,person_553
1580,person_2799
1581,person_244
1582,person_543
1583,person_883
1584,person_2001
1585,person_2165
1586,person_2708
1587,person_1154
1588,person_2120
1589,person_478
1590,person_2350
1591,person_353
1592,person_57
1593,person_1167
1594,person_1358
1595,person_2991
1596,person_1106
1597,person_1329
1598,person_775
1599,person_692
1600,person_1855
1601,person_814
1602,person_79
1603,person_413
1604,person_1492
1605,person_718
1606,person_1013
1607,person_804
1608,person_2139
1609,person_2636
1610,person_944
1611,person_1779
1612,person_1236
1613,person_844
1614,person_1046
1615,person_1436
1616,person_1891
1617,person_1522
1618,person_386
1619,person_898
1620,person_1627
1621,person_1158
1622,person_2684
1623,person_837
1624,person_2881
1625,person_1552
1626,person_2249
1627,person_887
1628,person_2319
1629,person_1063
1630,person_854
1631,person_979
1632,person_1059
1633,person_2159
1634,person_2127
1635,person_682
1636,person_2801
1637,person_686
1638,person_38
1639,person_1388
1640,person_673
1641,person_2503
1642,person_1982
1643,person_968
1644,person_2242
1645,person_362
1646,person_2864
1647,person_1559
1648,person_175
1649,person_1714
1650,person_777
1651,person_475
1652,person_2445
1653,person_1990
1654,person_2283
1655,person_624
1656,person_2034
1657,person_1713
1658,person_2586
1659,person_1794
1660,person_2399
1661,person_560
1662,person_174
1663,person_1530
1664,person_1217
1665,person_963
1666,person_2697
1667,person_2762
1668,person_194
1669,person_1007
1670,person_834
1671,person_201
1672,person_565
1673,person_1238
1674,person_2217
1675,person_1545
1676,person_774
1677,person_574
1678,person_2002
1679,person_2942
1680,person_2441
1681,person_1833
1682,person_2443
1683,person_1818
1684,person_2592
1685,person_585
1686,person_2826
1687,person_982
1688,person_1873
1689,person_448
1690,person_1947
1691,person_1720
1692,person_2409
1693,person_119
1694,person_2982
1695,person_1655
1696,person_2509
1697,person_2786
1698,person_445
1699,person_918
1700,person_843
1701,person_357
1702,person_2343
1703,person_1631
1704,person_2023
1705,person_152
1706,person_1459
1707,person_2855
1708,person_1810
1709,person_2634
1710,person_2695
1711,person_2245
1712,person_2251
1713,person_2620
1714,person_737
1715,person_1931
1716,person_1903
1717,person_1532
1718,person_1378
1719,person_1262
1720,person_2
1721,person_2145
1722,person_1813
1723,person_2400
1724,person_2105
1725,person_1703
1726,person_2316
1727,person_1957
1728,person_2305
1729,person_2749
1730,person_755
1731,person_2932
1732,person_1701
1733,person_2446
1734,person_971
1735,person_1746
1736,person_942
1737,person_49
1738,person_2371
1739,person_1228
1740,person_1564
1741,person_1011
1742,person_1867
1743,person_920
1744,person_770
1745,person_1169
1746,person_2314
1747,person_2407
1748,person_2287
1749,person_2356
1750,person_1831
1751,person_2222
1752,person_1286
1753,person_1549
1754,person_803
1755,person_2248
1756,person_1890
1757,person_2053
1758,person_2408
1759,person_1429
1760,person_1900
1761,person_1490
1762,person_2492
1763,person_1278
1764,person_1520
1765,person_973
1766,person_2394
1767,person_575
1768,person_341
1769,person_27
1770,person_453
1771,person_1139
1772,person_1757
1773,person_892
1774,person_1626
1775,person_2955
1776,person_696
1777,person_378
1778,person_2354
1779,person_12
1780,person_1697
1781,person_869
1782,person_1462
1783,person_688
1784,person_955
1785,person_2243
1786,person_2751
1787,person_1519
1788,person_2166
1789,person_713
1790,person_1065
1791,person_1727
1792,person_1675
1793,person_564
1794,person_2938
1795,person_602
1796,person_927
1797,person_2657
1798,person_2760
1799,person_2186
1800,person_2163
1801,person_77
1802,person_1741
1803,person_2252
1804,person_766
1805,person_160
1806,person_2085
1807,person_2049
1808,person_592
1809,person_1042
1810,person_336
1811,person_832
1812,person_3018
1813,person_1643
1814,person_2195
1815,person_1395
1816,person_2146
1817,person_1115
1818,person_913
1819,person_637
1820,person_1322
1821,person_141
1822,person_1765
1823,person_349
1824,person_1239
1825,person_761
1826,person_1914
1827,person_411
1828,person_2816
1829,person_431
1830,person_1128
1831,person_2216
1832,person_1865
1833,person_2296
1834,person_874
1835,person_999
1836,person_283
1837,person_1781
1838,person_273
1839,person_609
1840,person_1986
1841,person_272
1842,person_2838
1843,person_1401
1844,person_1150
1845,person_2997
1846,person_820
1847,person_1472
1848,person_2861
1849,person_2270
1850,person_2844
1851,person_1688
1852,person_180
1853,person_22
1854,person_2206
1855,person_672
1856,person_1661
1857,person_299
1858,person_193
1859,person_2556
1860,person_1102
1861,person_87
1862,person_2552
1863,person_2902
1864,person_2325
1865,person_2204
1866,person_277
1867,person_1685
1868,person_588
1869,person_2267
1870,person_2609
1871,person_324
1872,person_310
1873,person_1575
1874,person_1939
1875,person_2711
1876,person_1899
1877,person_1837
1878,person_116
1879,person_1133
1880,person_500
1881,person_1347
1882,person_2152
1883,person_371
1884,person_2596
1885,person_2889
1886,person_1218
1887,person_238
1888,person_738
1889,person_2348
1890,person_969
1891,person_1666
1892,person_1637
1893,person_2606
1894,person_975
1895,person_80
1896,person_699
1897,person_1483
1898,person_1020
1899,person_1619
1900,person_2967
1901,person_556
1902,person_2693
1903,person_1227
1904,person_1363
1905,person_2280
1906,person_1387
1907,person_2102
1908,person_2548
1909,person_2304
1910,person_1858
1911,person_93
1912,person_559
1913,person_2948
1914,person_1905
1915,person_5
1916,person_1607
1917,person_2171
1918,person_852
1919,person_2984
1920,person_1137
1921,person_2533
1922,person_2060
1923,person_101
1924,person_1414
1925,person_144
1926,person_213
1927,person_2545
1928,person_1300
1929,person_875
1930,person_1751
1931,person_1584
1932,person_1882
1933,person_1556
1934,person_1959
1935,person_1408
1936,person_142
1937,person_252
1938,person_2500
1939,person_158
1940,person_2434
1941,person_1963
1942,person_526
1943,person_2951
1944,person_908
1945,person_906
1946,person_1211
1947,person_24
1948,person_662
1949,person_99
1950,person_2588
1951,person_2083
1952,person_1246
1953,person_1149
1954,person_2231
1955,person_2717
1956,person_1110
1957,person_1247
1958,person_867
1959,person_2028
1960,person_1809
1961,person_1021
1962,person_1770
1963,person_2985
1964,person_857
1965,person_2015
1966,person_2487
1967,person_444
1968,person_383
1969,person_2797
1970,person_1248
1971,person_482
1972,person_1112
1973,person_2050
1974,person_1725
1975,person_998
1976,person_1474
1977,person_1134
1978,person_18
1979,person_1828
1980,person_2395
1981,person_2497
1982,person_1587
1983,person_1570
1984,person_507
1985,person_2524
1986,person_2992
1987,person_2346
1988,person_1251
1989,person_2960
1990,person_153
1991,person_2390
1992,person_1072
1993,person_1070
1994,person_135
1995,person_1476
1996,person_1887
1997,person_2564
1998,person_781
1999,person_538
2000,person_1426
2001,person_373
2002,person_1374
2003,person_513
2004,person_656
2005,person_2529
2006,person_534
2007,person_2411
2008,person_1392
2009,person_1612
2010,person_552
2011,person_206
2012,person_307
2013,person_2895
2014,person_2665
2015,person_1517
2016,person_1988
2017,person_1836
2018,person_742
2019,person_1448
2020,person_2077
2021,person_379
2022,person_702
2023,person_2286
2024,person_43
2025,person_547
2026,person_287
2027,person_2888
2028,person_139
2029,person_1092
2030,person_563
2031,person_1763
2032,person_1742
2033,person_2528
2034,person_435
2035,person_162
2036,person_720
2037,person_395
2038,person_2495
2039,person_2831
2040,person_1936
2041,person_1955
2042,person_2944
2043,person_2100
2044,person_1689
2045,person_293
2046,person_748
2047,person_616
2048,person_2757
2049,person_2566
2050,person_758
2051,person_367
2052,person_2746
2053,person_1897
2054,person_2444
2055,person_2150
2056,person_1778
2057,person_1049
2058,person_1822
2059,person_2393
2060,person_824
2061,person_2485
2062,person_1267
2063,person_2235
2064,person_270
2065,person_258
2066,person_1983
2067,person_654
2068,person_2918
2069,person_94
2070,person_1364
2071,person_1306
2072,person_2376
2073,person_621
2074,person_2752
2075,person_1862
2076,person_2769
2077,person_1107
2078,person_2169
2079,person_2516
2080,person_35
2081,person_2798
2082,person_16
2083,person_3005
2084,person_1075
2085,person_2652
2086,person_2969
2087,person_1325
2088,person_2627
2089,person_1970
2090,person_1353
2091,person_2184
2092,person_978
2093,person_2542
2094,person_1257
2095,person_756
2096,person_2010
2097,person_1574
2098,person_2183
2099,person_2923
2100,person_2467
2101,person_1499
2102,person_396
2103,person_2174
2104,person_1297
2105,person_1649
2106,person_853
2107,person_1529
2108,person_25
2109,person_2579
2110,person_831
2111,person_185
2112,person_1902
2113,person_2207
2114,person_635
2115,person_2462
2116,person_2891
2117,person_1647
2118,person_40
2119,person_1652
2120,person_3010
2121,person_2024
2122,person_2317
2123,person_424
2124,person_858
2125,person_2142
2126,person_2064
2127,person_985
2128,person_1528
2129,person_2430
2130,person_2188
2131,person_1288
2132,person_1682
2133,person_1221
2134,person_1848
2135,person_1330
2136,person_1453
2137,person_1385
2138,person_1993
2139,person_425
2140,person_177
2141,person_2615
2142,person_295
2143,person_359
2144,person_1984
2145,person_329
2146,person_919
2147,person_2779
2148,person_578
2149,person_2625
2150,person_784
2151,person_2585
2152,person_2196
2153,person_2456
2154,person_195
2155,person_1739
2156,person_518
2157,person_2254
2158,person_2580
2159,person_597
2160,person_2369
2161,person_368
2162,person_839
2163,person_452
2164,person_1724
2165,person_1188
2166,person_922
2167,person_1878
2168,person_1103
2169,person_1989
2170,person_2262
2171,person_374
2172,person_2725
2173,person_1595
2174,person_2979
2175,person_2781
2176,person_2970
2177,person_294
2178,person_2941
2179,person_1275
2180,person_461
2181,person_2301
2182,person_75
2183,person_2117
2184,person_1968
2185,person_1159
2186,person_484
2187,person_1952
2188,person_183
2189,person_1624
2190,person_2494
2191,person_85
2192,person_1516
2193,person_1313
2194,person_2022
2195,person_51
2196,person_1204
2197,person_1269
2198,person_1692
2199,person_1997
2200,person_253
2201,person_2414
2202,person_2417
2203,person_741
2204,person_58
2205,person_1995
2206,person_2478
2207,person_1944
2208,person_2924
2209,person_1756
2210,person_2818
2211,person_1729
2212,person_34
2213,person_2043
2214,person_259
2215,person_2937
2216,person_667
2217,person_1366
2218,person_1642
2219,person_2323
2220,person_105
2221,person_439
2222,person_2736
2223,person_2851
2224,person_1298
2225,person_2647
2226,person_2491
2227,person_502
2228,person_1942
2229,person_2219
2230,person_2315
2231,person_2772
2232,person_19
2233,person_562
2234,person_954
2235,person_1686
2236,person_1576
2237,person_190
2238,person_1409
2239,person_254
2240,person_1370
2241,person_2455
2242,person_159
2243,person_1909
2244,person_1567
2245,person_221
2246,person_422
2247,person_2857
2248,person_2303
2249,person_1175
2250,person_2535
2251,person_1354
2252,person_961
2253,person_1880
2254,person_901
2255,person_2469
2256,person_2935
2257,person_1807
2258,person_967
2259,person_402
2260,person_511
2261,person_1646
2262,person_802
2263,person_2479
2264,person_2359
2265,person_2007
2266,person_399
2267,person_2699
2268,person_2604
2269,person_387
2270,person_548
2271,person_2289
2272,person_1348
2273,person_1752
2274,person_827
2275,person_1279
2276,person_243
2277,person_1312
2278,person_745
2279,person_752
2280,person_1344
2281,person_1125
2282,person_1423
2283,person_1194
2284,person_140
2285,person_800
2286,person_1614
2287,person_561
2288,person_2666
2289,person_1817
2290,person_506
2291,person_2279
2292,person_2047
2293,person_693
2294,person_1941
2295,person_1698
2296,person_392
2297,person_992
2298,person_2677
2299,person_2956
2300,person_1589
2301,person_1636
2302,person_632
2303,person_2605
2304,person_1830
2305,person_2591
2306,person_2804
2307,person_1005
2308,person_842
2309,person_1117
2310,person_322
2311,person_330
2312,person_7
2313,person_2461
2314,person_674
2315,person_977
2316,person_2072
2317,person_2012
2318,person_156
2319,person_1758
2320,person_2109
2321,person_2806
2322,person_376
2323,person_1164
2324,person_589
2325,person_2525
2326,person_2132
2327,person_426
2328,person_2473
2329,person_776
2330,person_56
2331,person_910
2332,person_1523
2333,person_2540
2334,person_514
2335,person_2883
2336,person_30
2337,person_2205
2338,person_1383
2339,person_2366
2340,person_1032
2341,person_1557
2342,person_228
2343,person_1291
2344,person_394
2345,person_1709
2346,person_2940
2347,person_833
2348,person_2062
2349,person_880
2350,person_1592
2351,person_1051
2352,person_1860
2353,person_2367
2354,person_1569
2355,person_1455
2356,person_2358
2357,person_2664
2358,person_2976
2359,person_1411
2360,person_2983
2361,person_161
2362,person_527
2363,person_1148
2364,person_1308
2365,person_2339
2366,person_532
2367,person_275
2368,person_1359
2369,person_2933
2370,person_2833
2371,person_209
2372,person_2451
2373,person_915
2374,person_711
2375,person_888
2376,person_1123
2377,person_145
2378,person_2961
2379,person_2373
2380,person_1350
2381,person_554
2382,person_1953
2383,person_154
2384,person_65
2385,person_594
2386,person_510
2387,person_2490
2388,person_1625
2389,person_759
2390,person_1301
2391,person_262
2392,person_1644
2393,person_236
2394,person_473
2395,person_1593
2396,person_312
2397,person_2805
2398,person_1491
2399,person_2039
2400,person_2126
2401,person_2138
2402,person_2694
2403,person_1076
2404,person_1927
2405,person_889
2406,person_54
2407,person_1670
2408,person_2192
2409,person_676
2410,person_508
2411,person_2692
2412,person_1554
2413,person_795
2414,person_100
2415,person_1304
2416,person_114
2417,person_2177
2418,person_2543
2419,person_2003
2420,person_155
2421,person_2389
2422,person_1659
2423,person_1664
2424,person_1550
2425,person_815
2426,person_220
2427,person_2706
2428,person_2788
2429,person_1590
2430,person_2403
2431,person_885
2432,person_2092
2433,person_1241
2434,person_233
2435,person_541
2436,person_1224
2437,person_1901
2438,person_309
2439,person_388
2440,person_2623
2441,person_1579
2442,person_352
2443,person_311
2444,person_81
2445,person_2293
2446,person_1928
2447,person_306
2448,person_550
2449,person_1367
2450,person_789
2451,person_384
2452,person_1235
2453,person_997
2454,person_2214
2455,person_2271
2456,person_604
2457,person_2740
2458,person_1750
2459,person_612
2460,person_224
2461,person_2771
2462,person_1486
2463,person_1967
2464,person_2803
2465,person_571
2466,person_1232
2467,person_1800
2468,person_2906
2469,person_1806
2470,person_2506
2471,person_2859
2472,person_1881
2473,person_1805
2474,person_2750
2475,person_1917
2476,person_28
2477,person_995
2478,person_691
2479,person_785
2480,person_931
2481,person_2919
2482,person_1708
2483,person_2423
2484,person_42
2485,person_1922
2486,person_103
2487,person_697
2488,person_1572
2489,person_2662
2490,person_326
2491,person_641
2492,person_389
2493,person_2065
2494,person_2766
2495,person_1719
2496,person_1416
2497,person_2780
2498,person_2352
2499,person_1863
2500,person_1391
2501,person_340
2502,person_1969
2503,person_2507
2504,person_1596
2505,person_2220
2506,person_728
2507,person_2312
2508,person_2754
2509,person_1271
2510,person_838
2511,person_192
2512,person_882
2513,person_2628
2514,person_370
2515,person_2575
2516,person_1331
2517,person_1470
2518,person_2518
2519,person_2884
2520,person_576
2521,person_1594
2522,person_512
2523,person_646
2524,person_1718
2525,person_706
2526,person_1511
2527,person_1001
2528,person_1266
2529,person_945
2530,person_2966
2531,person_757
2532,person_695
2533,person_2920
2534,person_714
2535,person_1635
2536,person_1910
2537,person_1038
2538,person_599
2539,person_1230
2540,person_2147
2541,person_2879
2542,person_1782
2543,person_2594
2544,person_1341
2545,person_2387
2546,person_440
2547,person_798
2548,person_1850
2549,person_2363
2550,person_1397
2551,person_1003
2552,person_1760
2553,person_2742
2554,person_485
2555,person_2193
2556,person_2088
2557,person_1611
2558,person_1543
2559,person_2345
2560,person_1019
2561,person_566
2562,person_2995
2563,person_1200
2564,person_2488
2565,person_214
2566,person_769
2567,person_2571
2568,person_2610
2569,person_280
2570,person_2559
2571,person_2621
2572,person_2658
2573,person_2773
2574,person_949
2575,person_1857
2576,person_2247
2577,person_2422
2578,person_2079
2579,person_2260
2580,person_198
2581,person_2719
2582,person_2607
2583,person_1965
2584,person_1527
2585,person_390
2586,person_2971
2587,person_1445
2588,person_86
2589,person_1926
2590,person_521
2591,person_863
2592,person_1616
2593,person_297
2594,person_1326
2595,person_2355
2596,person_2464
2597,person_1690
2598,person_1477
2599,person_2482
2600,person_938
2601,person_760
2602,person_1508
2603,person_2981
2604,person_2131
2605,person_626
2606,person_1435
2607,person_446
2608,person_647
2609,person_487
2610,person_516
2611,person_2175
2612,person_2454
2613,person_830
2614,person_630
2615,person_533
2616,person_708
2617,person_112
2618,person_921
2619,person_279
2620,person_1994
2621,person_1962
2622,person_2651
2623,person_2310
2624,person_464
2625,person_1838
2626,person_441
2627,person_2782
2628,person_164
2629,person_29
2630,person_2808
2631,person_1705
2632,person_610
2633,person_1258
2634,person_1447
2635,person_225
2636,person_941
2637,person_2154
2638,person_494
2639,person_1162
2640,person_2737
2641,person_509
2642,person_2823
2643,person_2097
2644,person_1555
2645,person_2093
2646,person_762
2647,person_580
2648,person_2378
2649,person_2351
2650,person_344
2651,person_2416
2652,person_753
2653,person_1062
2654,person_649
2655,person_2977
2656,person_1526
2657,person_917
2658,person_60
2659,person_2763
2660,person_2218
2661,person_66
2662,person_700
2663,person_2785
2664,person_2471
2665,person_1147
2666,person_2096
2667,person_1573
2668,person_2475
2669,person_1681
2670,person_2332
2671,person_335
2672,person_1716
2673,person_2054
2674,person_897
2675,person_786
2676,person_1606
2677,person_2538
2678,person_640
2679,person_1303
2680,person_983
2681,person_2943
2682,person_2385
2683,person_2440
2684,person_2909
2685,person_2499
2686,person_1425
2687,person_3019
2688,person_1073
2689,person_2185
2690,person_1471
2691,person_1518
2692,person_1055
2693,person_131
2694,person_3008
2695,person_2682
2696,person_605
2697,person_2164
2698,person_1722
2699,person_1316
2700,person_2957
2701,person_1428
2702,person_2986
2703,person_2892
2704,person_2869
2705,person_1023
2706,person_829
2707,person_1323
2708,person_2703
2709,person_1135
2710,person_2027
2711,person_1839
2712,person_2759
2713,person_2329
2714,person_2274
2715,person_754
2716,person_2530
2717,person_1170
2718,person_2428
2719,person_2686
2720,person_1118
2721,person_520
2722,person_2210
2723,person_106
2724,person_2871
2725,person_717
2726,person_943
2727,person_1638
2728,person_549
2729,person_1160
2730,person_2035
2731,person_1875
2732,person_687
2733,person_314
2734,person_2577
2735,person_13
2736,person_118
2737,person_2460
2738,person_2549
2739,person_2802
2740,person_1176
2741,person_1819
2742,person_1845
2743,person_1185
2744,person_2767
2745,person_2111
2746,person_1099
2747,person_1197
2748,person_2282
2749,person_1121
2750,person_893
2751,person_912
2752,person_2521
2753,person_1872
2754,person_1396
2755,person_2336
2756,person_2644
2757,person_911
2758,person_476
2759,person_39
2760,person_1933
2761,person_2683
2762,person_1466
2763,person_636
2764,person_2429
2765,person_1069
2766,person_622
2767,person_1494
2768,person_567
2769,person_2650
2770,person_657
2771,person_1140
2772,person_319
2773,person_681
2774,person_994
2775,person_415
2776,person_2601
2777,person_1351
2778,person_469
2779,person_1654
2780,person_962
2781,person_1440
2782,person_2420
2783,person_1497
2784,person_207
2785,person_1802
2786,person_996
2787,person_953
2788,person_665
2789,person_939
2790,person_360
2791,person_1097
2792,person_2486
2793,person_1413
2794,person_202
2795,person_50
2796,person_680
2797,person_2107
2798,person_788
2799,person_2546
2800,person_2963
2801,person_2338
2802,person_2011
2803,person_1753
2804,person_2916
2805,person_2721
2806,person_2114
2807,person_1461
2808,person_2281
2809,person_2255
2810,person_2459
2811,person_2568
2812,person_1514
2813,person_2631
2814,person_249
2815,person_1082
2816,person_197
2817,person_2927
2818,person_300
2819,person_2167
2820,person_1866
2821,person_765
2822,person_2095
2823,person_1256
2824,person_523
2825,person_2811
2826,person_2680
2827,person_1694
2828,person_59
2829,person_1195
2830,person_1444
2831,person_3006
2832,person_1412
2833,person_2866
2834,person_891
2835,person_1437
2836,person_2947
2837,person_545
2838,person_822
2839,person_1992
2840,person_1980
2841,person_2515
2842,person_2613
2843,person_2827
2844,person_2511
2845,person_2157
2846,person_290
2847,person_1273
2848,person_1731
2849,person_1086
2850,person_980
2851,person_2180
2852,person_97
2853,person_2775
2854,person_749
2855,person_2876
2856,person_2364
2857,person_1144
2858,person_810
2859,person_2019
2860,person_1048
2861,person_862
2862,person_2896
2863,person_1053
2864,person_459
2865,person_1078
2866,person_2570
2867,person_1393
2868,person_2639
2869,person_1345
2870,person_345
2871,person_187
2872,person_2641
2873,person_1568
2874,person_2770
2875,person_1002
2876,person_1507
2877,person_1293
2878,person_463
2879,person_544
2880,person_976
2881,person_1577
2882,person_823
2883,person_1095
2884,person_2215
2885,person_1389
2886,person_2375
2887,person_856
2888,person_2587
2889,person_256
2890,person_2974
2891,person_2458
2892,person_2854
2893,person_1656
2894,person_1129
2895,person_157
2896,person_1079
2897,person_2999
2898,person_1767
2899,person_2099
2900,person_572
2901,person_2764
2902,person_2058
2903,person_203
2904,person_1536
2905,person_2901
2906,person_1662
2907,person_2582
2908,person_2330
2909,person_2656
2910,person_333
2911,person_2194
2912,person_219
2913,person_308
2914,person_1711
2915,person_1580
2916,person_1500
2917,person_1415
2918,person_67
2919,person_2926
2920,person_1583
2921,person_2253
2922,person_2865
2923,person_2032
2924,person_2070
2925,person_796
2926,person_617
2927,person_137
2928,person_1145
2929,person_731
2930,person_3
2931,person_705
2932,person_659
2933,person_128
2934,person_1173
2935,person_1998
2936,person_255
2937,person_2622
2938,person_2018
2939,person_2660
2940,person_1547
2941,person_984
2942,person_1153
2943,person_1071
2944,person_2112
2945,person_2842
2946,person_1768
2947,person_555
2948,person_2539
2949,person_2856
2950,person_1033
2951,person_2223
2952,person_652
2953,person_2181
2954,person_1669
2955,person_2532
2956,person_1294
2957,person_2320
2958,person_900
2959,person_2285
2960,person_149
2961,person_2505
2962,person_1058
2963,person_1324
2964,person_2715
2965,person_1174
2966,person_1484
2967,person_480
2968,person_2078
2969,person_267
2970,person_407
2971,person_1524
2972,person_899
2973,person_746
2974,person_751
2975,person_1885
2976,person_2789
2977,person_1277
2978,person_2952
2979,person_1512
2980,person_483
2981,person_365
2982,person_620
2983,person_981
2984,person_397
2985,person_2950
2986,person_113
2987,person_661
2988,person_1212
2989,person_721
2990,person_2308
2991,person_1871
2992,person_163
2993,person_2365
2994,person_957
2995,person_1215
2996,person_1454
2997,person_771
2998,person_1403
2999,person_2335
3000,person_3007
3001,person_1268
3002,person_1799
3003,person_211
3004,person_1776
3005,person_689
3006,person_2845
3007,person_808
3008,person_1840
3009,person_492
3010,person_1421
3011,person_817
3012,person_1104
3013,person_2448
3014,person_2334
3015,person_1657
3016,person_332
3017,person_1047
3018,person_257
3019,person_2756
